<manifest><control namespace="oss" constructor="PowerKanban" version="0.9.114" display-name-key="PowerKanban" description-key="Advanced Kanban for D365 datasets" control-type="standard" api-version="1.2.3"><data-set name="primaryDataSet" display-name-key="Primary Data Set" cds-data-set-options="displayCommandBar:true;displayViewSelector:false;displayQuickFind:false" /><property name="configName" display-name-key="configName" description-key="Unique name of the powerkanban config to use by default. Opens the config selector on load if not passed" of-type="SingleLine.Text" usage="input" required="false" /><resources><code path="bundle.js" order="1" /></resources><feature-usage><uses-feature name="WebAPI" required="true" /><uses-feature name="Utility" required="true" /></feature-usage><built-by name="pac" version="1.3.3" /></control></manifest>